{
	"info": {
		"_postman_id": "eb358c51-53d2-488f-a39a-b4d2b1ca92bc",
		"name": "java seeknshift",
		"schema": "https://schema.getpostman.com/json/collection/v2.1.0/collection.json"
	},
	"item": [
		{
			"name": "usersignup",
			"request": {
				"method": "POST",
				"header": [
					{
						"key": "Content-Type",
						"name": "Content-Type",
						"value": "application/json",
						"type": "text"
					}
				],
				"body": {
					"mode": "raw",
					"raw": "{\n\t\"firstName\" : \"kuch\",\n\t\"lastName\" : \"bi\",\n\t\"phone\" : \"9786768786\",\n\t\"dateOfBirth\" : \"1995-10-10\",\n\t\"email\" : \"kb@gmail.com\",\n\t\"password\" : \"saddam\",\n\t\"points\" : 1000,\n\t\"role\" : \"SHIFTER\",\n\t\"address\": {\n    \"state\":\"MH\",\n\t\"city\":\"pune\",\n\t\"location\":\"hadapsar\"\n   }\n\n}"
				},
				"url": {
					"raw": "localhost:4000/user/signup",
					"host": [
						"localhost"
					],
					"port": "4000",
					"path": [
						"user",
						"signup"
					]
				}
			},
			"response": []
		},
		{
			"name": "userlogin",
			"request": {
				"method": "POST",
				"header": [
					{
						"key": "Content-Type",
						"name": "Content-Type",
						"value": "application/json",
						"type": "text"
					}
				],
				"body": {
					"mode": "raw",
					"raw": "{\n\t\"email\" : \"saddam.sayyedltr@gmail.com\",\n\t\"password\" : \"saddam\"\n}"
				},
				"url": {
					"raw": "localhost:4000/user/login",
					"host": [
						"localhost"
					],
					"port": "4000",
					"path": [
						"user",
						"login"
					]
				}
			},
			"response": []
		},
		{
			"name": "updateuserprofile",
			"protocolProfileBehavior": {
				"disableBodyPruning": true
			},
			"request": {
				"method": "GET",
				"header": [
					{
						"key": "Content-Type",
						"name": "Content-Type",
						"value": "application/json",
						"type": "text"
					}
				],
				"body": {
					"mode": "raw",
					"raw": "{\n\t\"firstName\" : \"Piyush\",\n\t\"lastName\" : \"Shewale\",\n\t\"phone\" : \"9143143143\",\n\t\"email\":\"shewalepiyush@gmail.com\",\n    \"state\":\"MH\",\n\t\"city\":\"pune\",\n\t\"location\":\"saddam ka ghar\"\n}"
				},
				"url": {
					"raw": "localhost:4000/user/update-profile",
					"host": [
						"localhost"
					],
					"port": "4000",
					"path": [
						"user",
						"update-profile"
					]
				}
			},
			"response": []
		},
		{
			"name": "delete user",
			"request": {
				"method": "GET",
				"header": [],
				"body": {
					"mode": "raw",
					"raw": ""
				},
				"url": {
					"raw": "localhost:4000/user/delete/8",
					"host": [
						"localhost"
					],
					"port": "4000",
					"path": [
						"user",
						"delete",
						"8"
					]
				}
			},
			"response": []
		},
		{
			"name": "addcompany",
			"protocolProfileBehavior": {
				"disableBodyPruning": true
			},
			"request": {
				"method": "GET",
				"header": [
					{
						"key": "Content-Type",
						"name": "Content-Type",
						"value": "application/json",
						"type": "text"
					}
				],
				"body": {
					"mode": "raw",
					"raw": "{\n\t\"email\":\"saddam.sayyedltr@gmail.com\",\n\t\"cName\":\"seeknshift\"\n}"
				},
				"url": {
					"raw": "localhost:4000/shifter/addcompany",
					"host": [
						"localhost"
					],
					"port": "4000",
					"path": [
						"shifter",
						"addcompany"
					]
				}
			},
			"response": []
		}
	]
}